{
    "465": {
        "owner_id": 625284305,
        "message_id": 58,
        "channel_id": "-1002429710488",
        "status": "Sold"
    },
    "471": {
        "owner_id": 625284305,
        "message_id": 59,
        "channel_id": "-1002429710488",
        "status": "Sold"
    },
    "486": {
        "owner_id": 625284305,
        "message_id": 60,
        "channel_id": "-1002429710488"
    },
    "488": {
        "owner_id": 625284305,
        "message_id": 61,
        "channel_id": "-1002429710488"
    },
    "504": {
        "owner_id": 625284305,
        "message_id": 62,
        "channel_id": "-1002429710488",
        "status": "Sold"
    },
    "520": {
        "owner_id": 625284305,
        "message_id": 63,
        "channel_id": "-1002429710488",
        "status": "Sold"
    },
    "528": {
        "owner_id": 625284305,
        "message_id": 64,
        "channel_id": "-1002429710488"
    },
    "536": {
        "owner_id": 625284305,
        "message_id": 65,
        "channel_id": "-1002429710488",
        "status": "Sold"
    },
    "540": {
        "owner_id": 625284305,
        "message_id": 66,
        "channel_id": "-1002429710488",
        "status": "Sold"
    },
    "550": {
        "owner_id": 625284305,
        "message_id": 67,
        "channel_id": "-1002429710488",
        "status": "Sold"
    },
    "554": {
        "owner_id": 625284305,
        "message_id": 68,
        "channel_id": "-1002429710488",
        "status": "Sold"
    },
    "597": {
        "owner_id": 625284305,
        "message_id": 69,
        "channel_id": "-1002429710488",
        "status": "Sold"
    },
    "662": {
        "owner_id": 625284305,
        "message_id": 70,
        "channel_id": "-1002429710488",
        "status": "Sold"
    },
    "682": {
        "owner_id": 625284305,
        "message_id": 71,
        "channel_id": "-1002429710488"
    },
    "688": {
        "owner_id": 625284305,
        "message_id": 72,
        "channel_id": "-1002429710488",
        "status": "Sold"
    },
    "732": {
        "owner_id": 5211726410,
        "message_id": 73,
        "channel_id": "-1002429710488",
        "status": "Sold"
    },
    "740": {
        "owner_id": 5211726410,
        "message_id": 74,
        "channel_id": "-1002429710488",
        "status": "Sold"
    },
    "744": {
        "owner_id": 5211726410,
        "message_id": 75,
        "channel_id": "-1002429710488",
        "status": "Sold"
    },
    "748": {
        "owner_id": 5211726410,
        "message_id": 76,
        "channel_id": "-1002429710488",
        "status": "Sold"
    },
    "757": {
        "owner_id": 5211726410,
        "message_id": 77,
        "channel_id": "-1002429710488",
        "status": "Sold"
    },
    "767": {
        "owner_id": 5211726410,
        "message_id": 78,
        "channel_id": "-1002429710488",
        "status": "Sold"
    },
    "771": {
        "owner_id": 5211726410,
        "message_id": 79,
        "channel_id": "-1002429710488",
        "status": "Sold"
    },
    "775": {
        "owner_id": 625284305,
        "message_id": 80,
        "channel_id": "-1002429710488",
        "status": "Sold"
    },
    "804": {
        "owner_id": 625284305,
        "message_id": 81,
        "channel_id": "-1002429710488"
    },
    "808": {
        "owner_id": 625284305,
        "message_id": 82,
        "channel_id": "-1002429710488"
    },
    "816": {
        "owner_id": 625284305,
        "message_id": 83,
        "channel_id": "-1002429710488"
    },
    "829": {
        "owner_id": 5211726410,
        "message_id": 84,
        "channel_id": "-1002429710488"
    },
    "831": {
        "owner_id": 5211726410,
        "message_id": 85,
        "channel_id": "-1002429710488"
    },
    "835": {
        "owner_id": 5211726410,
        "message_id": 86,
        "channel_id": "-1002429710488"
    },
    "847": {
        "owner_id": 625284305,
        "message_id": 87,
        "channel_id": "-1002429710488"
    },
    "851": {
        "owner_id": 625284305,
        "message_id": 88,
        "channel_id": "-1002429710488"
    },
    "855": {
        "owner_id": 625284305,
        "message_id": 89,
        "channel_id": "-1002429710488",
        "status": "Sold"
    },
    "863": {
        "owner_id": 625284305,
        "message_id": 90,
        "channel_id": "-1002429710488"
    },
    "869": {
        "owner_id": 5211726410,
        "message_id": 91,
        "channel_id": "-1002429710488",
        "status": "Sold"
    },
    "895": {
        "owner_id": 5211726410,
        "message_id": 92,
        "channel_id": "-1002429710488"
    },
    "899": {
        "owner_id": 5211726410,
        "message_id": 93,
        "channel_id": "-1002429710488",
        "status": "Sold"
    },
    "913": {
        "owner_id": 5211726410,
        "message_id": 94,
        "channel_id": "-1002429710488",
        "status": "Sold"
    },
    "1004": {
        "owner_id": 5211726410,
        "message_id": 95,
        "channel_id": "-1002429710488",
        "status": "Sold"
    },
    "1220": {
        "owner_id": 625284305,
        "message_id": 200,
        "channel_id": "-1002382441510",
        "status": "Sold"
    },
    "1224": {
        "owner_id": 625284305,
        "message_id": 201,
        "channel_id": "-1002382441510",
        "status": "Sold"
    },
    "1235": {
        "owner_id": 625284305,
        "message_id": 202,
        "channel_id": "-1002382441510",
        "status": "Sold"
    },
    "1239": {
        "owner_id": 625284305,
        "message_id": 203,
        "channel_id": "-1002382441510",
        "status": "Sold"
    },
    "1243": {
        "owner_id": 625284305,
        "message_id": 204,
        "channel_id": "-1002382441510",
        "status": "Sold"
    },
    "1275": {
        "owner_id": 625284305,
        "message_id": 205,
        "channel_id": "-1002382441510",
        "status": "Sold"
    },
    "1290": {
        "owner_id": 625284305,
        "message_id": 206,
        "channel_id": "-1002382441510",
        "status": "Sold"
    },
    "1308": {
        "owner_id": 625284305,
        "message_id": 207,
        "channel_id": "-1002382441510",
        "status": "Sold"
    },
    "1318": {
        "owner_id": 625284305,
        "message_id": 208,
        "channel_id": "-1002382441510",
        "status": "Sold"
    },
    "1351": {
        "owner_id": 625284305,
        "message_id": 210,
        "channel_id": "-1002382441510",
        "status": "Sold"
    },
    "1363": {
        "owner_id": 625284305,
        "message_id": 211,
        "channel_id": "-1002382441510"
    }
}