{
  "en": {
    "set_username": "You need to set a Telegram username before submitting.",
    "must_be_member": "You must be a member of {channel} to submit a message. Please join the channel first.",
    "wait_before_resubmit": "Please wait {minutes} minutes and {seconds} seconds before submitting again.",
    "submission_sent": "Your submission has been sent to the channel!",
    "please_reply_to_post": "Please reply to the post you want to mark as sold.",
    "post_not_registered": "This post is not registered.",
    "post_already_sold": "This post is already marked as sold.",
    "mark_as_sold": "The post has been marked as sold!",
    "banned_message": "You are banned from using this bot.",
    "send_message_format": "Please send your message in the format:\n\nPlatform Name (max 60 characters)\n@username (must start with @)\nPrice (optional, max 20 characters)\nDescription (optional, max 60 characters)\n\nExample\n\n<blockquote><code>Instagram username\n@UploadStock\nBIN $100\noge no number linked</code></blockquote>"
  },
  "ar": {
    "set_username": "يجب عليك تعيين اسم مستخدم في تيليجرام قبل إرسال الرسالة.",
    "must_be_member": "يجب أن تكون عضوًا في {channel} لإرسال رسالة. الرجاء الانضمام إلى القناة أولاً.",
    "wait_before_resubmit": "يرجى الانتظار {minutes} دقيقة و {seconds} ثانية قبل الإرسال مرة أخرى.",
    "submission_sent": "تم إرسال طلبك إلى القناة!",
    "please_reply_to_post": "يرجى الرد على المنشور الذي تريد وضع علامة عليه كتم بيعه.",
    "post_not_registered": "هذا المنشور غير مسجل.",
    "post_already_sold": "تم وضع علامة على هذا المنشور على أنه تم بيعه بالفعل.",
    "mark_as_sold": "تم وضع علامة على المنشور على أنه تم بيعه!",
    "banned_message": "أنت محظور من استخدام هذا البوت.",
    "send_message_format": "يرجى إرسال رسالتك بالتنسيق التالي:\n\nاسم المنصة (بحد أقصى 60 حرفًا)\n@اسم_المستخدم (يجب أن يبدأ بـ @)\nالسعر (اختياري، بحد أقصى 20 حرفًا)\nالوصف (اختياري، بحد أقصى 60 حرفًا)\n\nمثال\n\n<blockquote><code>يوزر انستقرام\n@UploadStock\nBIN $100\nاساسي غير مربوط برقم</code></blockquote>"
  }
}

  